196.7,1.47,26,80,Sangat Baik
185.5,1.54,26,80,Sangat Baik
190.8,1.48,26,80,Sangat Baik
188.1,1.43,27,79,Sangat Baik
184.5,1.56,27,81,Sangat Baik
176.0,1.47,27,81,Sangat Baik
192.9,1.46,27,81,Sangat Baik
183.4,1.65,26,79,Sangat Baik
185.2,1.54,26,80,Sangat Baik
181.9,1.45,27,79,Sangat Baik
183.0,1.40,27,80,Sangat Baik
168.5,1.54,26,80,Sangat Baik
170.0,1.46,26,81,Sangat Baik
178.2,1.47,26,81,Sangat Baik
95.6,1.52,26,81,Baik
110.5,1.53,26,81,Baik
67.9,1.62,26,79,Baik
102.1,1.58,27,80,Baik
106.1,1.66,27,81,Baik
84.1,1.60,27,80,Baik
94.1,1.62,27,80,Baik
108.6,1.52,25,81,Baik
197.9,1.39,26,86,Baik
207.0,1.49,26,85,Baik
201.5,1.51,26,85,Baik
200.2,1.57,25,83,Baik
197.1,1.40,25,84,Baik
184.0,1.53,25,83,Baik
173.3,1.45,26,83,Baik
168.1,1.46,26,83,Baik
193.4,1.47,25,84,Baik
180.0,1.45,26,84,Baik
172.4,1.61,25,83,Baik
172.5,1.49,26,81,Baik
168.9,1.41,26,85,Baik
183.3,1.38,26,85,Baik
73.8,1.66,25,80,Baik
167.7,1.49,26,84,Baik
184.4,1.57,26,84,Baik
199.0,1.44,26,83,Baik
178.2,1.40,26,83,Baik
189.4,1.47,26,85,Baik
205.1,1.39,26,86,Baik
94.9,1.56,27,80,Baik
195.7,1.45,26,85,Baik
180.9,1.57,26,85,Baik
187.3,1.45,26,84,Baik
174.0,1.47,26,85,Baik
200.6,1.49,26,86,Baik
203.5,1.41,26,86,Baik
114.6,1.61,26,79,Baik
105.6,1.58,26,78,Baik
128.4,1.59,26,79,Baik
195.6,1.46,26,84,Baik
183.6,1.49,26,83,Baik
178.8,1.45,26,85,Baik
171.2,1.40,26,85,Baik
222.4,1.46,26,79,Baik
184.5,1.51,25,82,Baik
182.7,1.49,25,84,Baik
106.7,1.40,26,77,Baik
107.9,1.38,26,78,Baik
181.7,1.40,26,83,Baik
169.0,1.47,27,81,Baik
188.7,1.42,26,84,Baik
201.1,1.47,26,84,Baik
203.2,1.39,26,85,Baik
188.5,1.39,26,83,Baik
106.1,1.45,26,80,Baik
200.7,1.39,26,85,Baik
104.1,1.55,27,77,Baik
110.3,1.52,27,76,Baik
98.9,1.55,27,78,Baik
139.3,1.60,27,79,Baik
109.7,1.58,27,78,Baik
111.3,1.60,27,80,Baik
204.5,1.44,26,82,Baik
85.3,1.63,26,80,Baik
166.0,1.54,27,77,Baik
107.1,1.54,27,75,Baik
107.4,1.45,27,80,Baik
81.3,1.53,27,79,Baik
83.2,1.44,27,81,Baik
75.2,1.48,27,80,Baik
121.2,1.39,27,80,Baik
94.9,1.46,27,79,Baik
165.4,1.55,27,78,Baik
134.2,1.62,27,78,Baik
137.0,1.55,27,78,Baik
133.6,1.54,27,79,Baik
164.6,1.51,27,80,Baik
178.2,1.37,27,81,Baik
186.4,1.50,26,84,Baik
171.9,1.45,26,84,Baik
175.4,1.40,26,85,Baik
183.0,1.40,26,85,Baik
176.5,1.41,26,85,Baik
183.3,1.40,26,82,Baik
199.0,1.44,26,82,Baik
188.0,1.43,26,82,Baik
204.8,1.60,26,82,Baik
196.1,1.42,25,84,Baik
166.9,1.48,26,83,Baik
171.3,1.56,26,85,Baik
114.0,1.46,26,80,Baik
93.6,1.60,26,79,Baik
120.6,1.43,26,81,Baik
112.0,1.53,26,79,Baik
202.1,1.43,26,86,Baik
204.8,1.45,26,85,Baik
181.7,1.43,26,85,Baik
184.6,1.41,26,85,Baik
183.1,1.51,25,83,Baik
169.3,1.50,25,83,Baik
179.3,1.40,27,85,Baik
111.4,1.51,27,81,Baik
106.0,1.43,27,81,Baik
108.4,1.45,27,81,Baik
186.4,1.42,26,85,Baik
129.3,1.54,27,81,Baik
122.9,1.50,27,80,Baik
116.2,1.49,27,81,Baik
204.0,1.40,26,84,Baik
172.9,1.46,26,85,Baik
187.9,1.45,26,85,Baik
179.7,1.57,26,85,Baik
175.0,1.46,26,85,Baik
89.3,1.54,27,81,Baik
82.5,1.60,27,81,Baik
75.3,1.53,27,81,Baik
204.7,1.57,26,83,Baik
86.6,1.62,27,77,Baik
161.8,1.48,26,81,Baik
200.2,1.41,26,83,Baik
174.2,1.56,25,82,Baik
158.8,1.57,27,76,Baik
163.8,1.49,27,77,Baik
97.5,1.67,27,77,Baik
99.5,1.58,27,78,Baik
100.0,1.55,27,79,Baik
95.3,1.50,27,77,Baik
97.7,1.52,27,77,Baik
125.5,1.38,27,78,Baik
192.6,1.51,25,83,Baik
57.7,1.53,26,77,Baik
60.6,1.51,26,78,Baik
154.7,1.42,26,80,Baik
181.0,1.30,26,81,Baik
124.2,1.51,27,80,Baik
107.1,1.61,27,80,Baik
119.9,1.50,27,79,Baik
128.1,1.52,27,81,Baik
181.1,1.39,26,85,Baik
191.5,1.47,26,83,Baik
198.5,1.40,26,83,Baik
200.6,1.83,26,80,Baik
103.8,1.49,27,79,Baik
90.4,1.62,28,78,Baik
102.7,1.48,27,80,Baik
96.5,1.50,27,80,Baik
180.2,1.33,27,81,Baik
160.5,1.41,27,81,Baik
106.5,1.56,28,77,Baik
118.8,1.48,27,76,Baik
199.2,1.59,27,82,Baik
184.5,1.51,27,81,Baik
185.4,1.53,27,82,Baik
196.4,1.55,26,83,Baik
171.4,1.66,26,83,Baik
199.1,1.43,27,85,Baik
119.8,1.54,27,80,Baik
116.5,1.62,27,80,Baik
119.6,1.51,27,80,Baik
125.1,1.54,27,80,Baik
200.8,1.43,26,83,Baik
183.6,1.50,26,82,Baik
193.0,1.40,26,83,Baik
193.2,1.42,26,82,Baik
92.2,1.58,26,78,Baik
98.3,1.56,26,79,Baik
66.8,1.60,26,78,Baik
204.9,1.45,27,84,Baik
125.7,1.53,27,81,Baik
106.5,1.47,27,81,Baik
117.8,1.42,27,80,Baik
65.8,1.62,27,75,Baik
102.3,1.62,27,75,Baik
175.8,1.48,26,82,Baik
186.9,1.45,26,83,Baik
178.2,1.53,26,82,Baik
171.4,1.29,26,80,Baik
163.1,1.40,27,79,Baik
160.2,1.50,27,79,Baik
137.0,1.41,27,79,Baik
137.3,1.40,27,80,Baik
90.3,1.53,27,79,Baik
108.3,1.60,27,79,Baik
75.4,1.53,27,79,Baik
102.1,1.57,27,79,Baik
106.3,1.46,27,77,Baik
112.3,1.56,27,78,Baik
86.9,1.42,27,76,Baik
92.5,1.50,27,77,Baik
145.6,1.41,27,80,Baik
81.9,1.47,27,78,Baik
88.1,1.41,27,79,Baik
144.3,1.63,26,78,Baik
149.2,1.62,26,78,Baik
198.9,1.41,27,82,Baik
165.4,1.54,27,80,Baik
156.6,1.39,27,81,Baik
176.8,1.42,26,83,Baik
172.6,1.41,26,83,Baik
108.1,1.50,27,80,Baik
112.8,1.39,27,81,Baik
115.5,1.45,27,81,Baik
131.7,1.41,27,80,Baik
135.4,1.48,27,80,Baik
143.6,1.39,27,80,Baik
191.9,1.35,26,85,Cukup Baik
203.6,1.25,25,86,Cukup Baik
207.1,1.32,25,86,Cukup Baik
58.7,1.69,26,79,Cukup Baik
208.1,1.22,26,86,Cukup Baik
186.0,1.27,26,85,Cukup Baik
195.8,1.31,26,86,Cukup Baik
192.8,1.22,26,87,Cukup Baik
197.8,1.21,26,87,Cukup Baik
114.7,1.41,27,82,Cukup Baik
134.1,1.49,27,82,Cukup Baik
109.9,1.39,27,82,Cukup Baik
110.5,1.42,27,82,Cukup Baik
134.1,1.41,27,82,Cukup Baik
82.6,1.86,26,79,Cukup Baik
108.9,1.52,25,81,Cukup Baik
85.3,1.74,25,80,Cukup Baik
191.2,1.27,26,83,Cukup Baik
168.3,1.25,26,85,Cukup Baik
182.4,1.26,26,84,Cukup Baik
151.9,1.47,26,83,Cukup Baik
193.9,1.09,27,86,Cukup Baik
171.6,1.17,27,85,Cukup Baik
175.6,1.05,26,86,Cukup Baik
181.9,1.06,26,85,Cukup Baik
192.9,1.08,26,89,Cukup Baik
123.4,1.40,27,85,Cukup Baik
110.6,1.45,27,85,Cukup Baik
207.8,1.31,26,87,Cukup Baik
193.7,1.30,25,87,Cukup Baik
198.8,1.34,25,87,Cukup Baik
140.0,1.51,26,83,Cukup Baik
121.8,1.58,26,83,Cukup Baik
135.8,1.54,26,83,Cukup Baik
120.4,1.55,26,83,Cukup Baik
247.4,1.51,26,85,Cukup Baik
230.9,1.66,26,86,Cukup Baik
367.4,1.42,25,87,Cukup Baik
368.3,1.39,25,88,Cukup Baik
339.1,1.51,25,87,Cukup Baik
331.5,1.38,25,89,Cukup Baik
320.3,1.46,25,88,Cukup Baik
159.1,1.42,25,83,Cukup Baik
117.8,1.61,25,82,Cukup Baik
160.0,1.44,25,84,Cukup Baik
129.4,1.57,25,82,Cukup Baik
271.6,1.48,25,85,Cukup Baik
134.2,1.39,27,84,Cukup Baik
130.9,1.44,27,83,Cukup Baik
225.7,1.39,26,87,Cukup Baik
193.7,1.34,26,88,Cukup Baik
165.0,1.40,26,83,Cukup Baik
146.8,1.39,26,83,Cukup Baik
163.8,1.41,26,83,Cukup Baik
204.0,1.12,25,86,Cukup Baik
183.2,1.13,25,86,Cukup Baik
156.4,1.38,26,84,Cukup Baik
125.6,1.47,26,83,Cukup Baik
172.0,1.34,26,85,Cukup Baik
267.7,1.38,26,87,Cukup Baik
165.5,1.54,26,86,Cukup Baik
141.9,1.59,26,85,Cukup Baik
162.5,1.52,26,87,Cukup Baik
151.9,1.55,26,86,Cukup Baik
60.8,1.74,27,77,Cukup Baik
50.4,1.88,27,77,Cukup Baik
53.2,1.73,27,76,Cukup Baik
55.2,1.82,27,77,Cukup Baik
156.8,1.39,26,83,Cukup Baik
151.0,1.39,26,82,Cukup Baik
164.5,1.44,26,83,Cukup Baik
161.4,1.60,26,84,Cukup Baik
154.0,1.59,26,84,Cukup Baik
136.8,1.65,26,84,Cukup Baik
275.2,1.50,25,84,Cukup Baik
299.9,1.43,25,86,Cukup Baik
220.6,1.39,25,85,Cukup Baik
192.8,1.35,26,84,Cukup Baik
191.8,1.15,27,88,Cukup Baik
194.3,1.21,26,87,Cukup Baik
121.1,1.66,26,82,Cukup Baik
130.9,1.64,26,82,Cukup Baik
246.2,1.44,26,87,Cukup Baik
250.6,1.40,25,87,Cukup Baik
195.2,1.29,26,85,Cukup Baik
305.7,1.56,26,86,Cukup Baik
254.7,1.51,26,86,Cukup Baik
258.1,1.52,26,86,Cukup Baik
349.0,1.48,26,89,Cukup Baik
362.4,1.57,25,89,Cukup Baik
324.2,1.43,26,89,Cukup Baik
341.3,1.43,25,90,Cukup Baik
350.9,1.48,25,88,Cukup Baik
332.3,1.59,25,88,Cukup Baik
270.1,1.47,25,88,Cukup Baik
284.1,1.50,25,88,Cukup Baik
267.3,1.41,25,83,Cukup Baik
273.5,1.39,25,84,Cukup Baik
224.0,1.50,25,83,Cukup Baik
218.4,1.47,25,84,Cukup Baik
205.5,1.33,26,84,Cukup Baik
177.6,1.29,26,85,Cukup Baik
173.1,1.26,26,86,Cukup Baik
131.1,1.41,26,82,Cukup Baik
117.0,1.49,26,82,Cukup Baik
114.6,1.43,26,82,Cukup Baik
265.6,1.41,26,86,Cukup Baik
194.2,1.32,26,84,Cukup Baik
184.8,1.31,26,84,Cukup Baik
166.7,1.34,26,85,Cukup Baik
289.3,1.46,26,86,Cukup Baik
288.6,1.53,26,85,Cukup Baik
250.1,1.43,26,85,Cukup Baik
257.6,1.43,26,85,Cukup Baik
266.7,1.43,26,86,Cukup Baik
259.1,1.53,26,86,Cukup Baik
241.5,1.39,26,86,Cukup Baik
134.9,1.54,25,81,Cukup Baik
73.3,1.73,25,79,Cukup Baik
103.0,1.54,25,82,Cukup Baik
191.5,1.25,26,87,Cukup Baik
187.8,1.31,26,85,Cukup Baik
169.1,1.29,26,87,Cukup Baik
178.7,1.28,26,86,Cukup Baik
193.6,1.34,26,85,Cukup Baik
198.4,1.24,26,87,Cukup Baik
173.5,1.26,25,86,Cukup Baik
195.8,1.17,26,88,Cukup Baik
125.4,1.45,26,84,Cukup Baik
98.1,1.40,26,84,Cukup Baik
123.5,1.44,26,84,Cukup Baik
150.7,1.47,26,84,Cukup Baik
140.2,1.50,26,84,Cukup Baik
159.1,1.41,26,83,Cukup Baik
149.2,1.39,26,82,Cukup Baik
169.5,1.29,26,84,Cukup Baik
183.8,1.36,26,84,Cukup Baik
309.0,1.42,25,88,Cukup Baik
198.8,1.36,26,86,Cukup Baik
195.2,1.32,26,86,Cukup Baik
107.4,1.42,27,82,Cukup Baik
96.9,1.44,27,81,Cukup Baik
177.6,1.37,27,83,Cukup Baik
137.2,1.45,27,82,Cukup Baik
176.5,1.34,27,84,Cukup Baik
168.6,1.19,27,85,Cukup Baik
172.0,1.25,27,85,Cukup Baik
168.2,1.29,27,85,Cukup Baik
294.0,1.41,26,86,Cukup Baik
187.2,1.83,26,85,Cukup Baik
180.8,2.01,26,85,Cukup Baik
298.5,1.43,25,89,Cukup Baik
285.5,1.54,25,89,Cukup Baik
259.6,1.44,25,89,Cukup Baik
253.4,1.45,25,89,Cukup Baik
169.7,1.36,26,84,Cukup Baik
187.3,1.34,25,84,Cukup Baik
260.9,1.43,26,88,Cukup Baik
154.6,1.58,27,83,Cukup Baik
144.6,1.60,27,82,Cukup Baik
114.7,1.61,27,82,Cukup Baik
206.5,1.16,26,86,Cukup Baik
199.6,1.14,26,87,Cukup Baik
203.6,1.15,26,87,Cukup Baik
172.4,1.24,26,85,Cukup Baik
176.7,1.22,26,85,Cukup Baik
168.0,1.24,26,85,Cukup Baik
136.0,1.51,26,82,Cukup Baik
124.5,1.57,26,82,Cukup Baik
124.6,1.46,26,83,Cukup Baik
131.8,1.48,26,83,Cukup Baik
205.4,1.20,25,87,Cukup Baik
277.2,1.54,25,87,Cukup Baik
217.8,1.56,25,86,Cukup Baik
226.9,1.57,25,86,Cukup Baik
203.8,1.84,25,86,Cukup Baik
241.5,1.44,25,84,Cukup Baik
130.4,1.47,26,84,Cukup Baik
136.8,1.40,25,85,Cukup Baik
224.0,1.51,26,86,Cukup Baik
218.9,1.62,26,86,Cukup Baik
209.3,1.50,26,87,Cukup Baik
204.3,1.30,26,86,Cukup Baik
118.5,1.42,27,83,Cukup Baik
142.4,1.41,26,84,Cukup Baik
118.6,1.68,26,79,Cukup Baik
160.1,1.39,26,83,Cukup Baik
155.4,1.44,26,83,Cukup Baik
181.6,1.34,26,84,Cukup Baik
166.2,1.61,26,84,Cukup Baik
160.0,1.53,26,83,Cukup Baik
306.6,1.42,26,88,Cukup Baik
308.2,1.53,26,88,Cukup Baik
258.9,1.51,26,87,Cukup Baik
240.2,1.53,26,88,Cukup Baik
279.8,1.42,25,88,Cukup Baik
198.5,1.30,25,88,Cukup Baik
150.4,1.54,26,84,Cukup Baik
163.4,1.39,26,85,Cukup Baik
143.8,1.43,27,85,Cukup Baik
151.2,1.51,27,85,Cukup Baik
144.7,1.42,27,85,Cukup Baik
153.7,1.45,27,85,Cukup Baik
153.9,1.39,26,84,Cukup Baik
155.7,1.40,26,85,Cukup Baik
209.8,1.49,26,85,Cukup Baik
332.9,1.40,25,87,Cukup Baik
362.5,1.55,25,88,Cukup Baik
272.1,1.52,25,87,Cukup Baik
283.4,1.56,25,87,Cukup Baik
131.3,1.79,26,80,Cukup Baik
153.6,1.67,25,82,Cukup Baik
54.6,1.67,27,73,Cukup Baik
68.6,1.56,26,74,Cukup Baik
210.7,1.30,26,80,Cukup Baik
183.4,1.24,27,86,Cukup Baik
158.3,1.46,26,84,Cukup Baik
141.0,1.54,26,84,Cukup Baik
129.8,1.43,26,85,Cukup Baik
150.8,1.47,26,85,Cukup Baik
115.9,1.30,27,79,Cukup Baik
113.8,1.36,27,80,Cukup Baik
98.8,1.26,26,79,Cukup Baik
203.8,1.20,26,84,Cukup Baik
126.7,1.44,26,82,Cukup Baik
157.1,1.52,27,82,Cukup Baik
179.0,1.37,26,84,Cukup Baik
207.7,1.10,26,88,Cukup Baik
108.6,1.42,26,84,Cukup Baik
121.1,1.50,26,83,Cukup Baik
105.7,1.39,26,84,Cukup Baik
120.3,1.41,26,84,Cukup Baik
157.6,1.38,26,85,Cukup Baik
309.7,1.40,26,85,Cukup Baik
309.7,1.55,26,85,Cukup Baik
325.8,1.39,26,87,Cukup Baik
248.9,1.41,25,84,Cukup Baik
209.7,1.41,26,82,Cukup Baik
117.8,1.39,26,81,Cukup Baik
193.0,1.25,26,86,Cukup Baik
204.5,1.25,26,86,Cukup Baik
184.4,1.17,26,86,Cukup Baik
183.5,1.24,26,85,Cukup Baik
172.3,1.16,26,87,Cukup Baik
111.1,1.27,27,80,Cukup Baik
125.3,1.33,27,80,Cukup Baik
92.6,1.23,27,80,Cukup Baik
110.8,1.25,27,80,Cukup Baik
100.0,1.68,27,79,Cukup Baik
182.0,1.31,26,84,Cukup Baik
174.5,1.38,26,84,Cukup Baik
187.2,1.32,26,84,Cukup Baik
189.9,1.32,26,84,Cukup Baik
115.1,1.68,27,80,Cukup Baik
242.8,1.45,26,83,Cukup Baik
241.2,1.55,26,84,Cukup Baik
218.5,1.47,26,83,Cukup Baik
195.4,1.35,25,86,Cukup Baik
80.0,1.67,26,79,Cukup Baik
55.3,1.96,26,78,Cukup Baik
78.3,1.81,26,78,Cukup Baik
59.7,1.49,27,74,Cukup Baik
52.0,1.62,27,72,Cukup Baik
74.0,1.48,27,75,Cukup Baik
75.6,1.53,27,72,Cukup Baik
197.5,1.27,27,85,Cukup Baik
175.7,1.36,27,84,Cukup Baik
187.9,1.24,27,85,Cukup Baik
180.2,1.26,27,84,Cukup Baik
84.3,1.37,27,80,Cukup Baik
165.7,1.34,27,80,Cukup Baik
272.3,1.45,26,86,Cukup Baik
271.5,1.60,26,86,Cukup Baik
264.2,1.40,26,86,Cukup Baik
263.3,1.43,26,87,Cukup Baik
304.4,1.38,26,88,Cukup Baik
299.8,1.53,26,88,Cukup Baik
300.4,1.42,25,88,Cukup Baik
260.6,1.62,25,88,Cukup Baik
225.8,1.60,25,88,Cukup Baik
217.3,1.63,25,87,Cukup Baik
255.0,1.52,25,87,Cukup Baik
247.6,1.66,25,86,Cukup Baik
229.2,1.51,25,87,Cukup Baik
256.9,1.59,25,87,Cukup Baik
188.5,1.34,26,85,Cukup Baik
163.8,1.50,26,84,Cukup Baik
202.7,1.26,26,88,Cukup Baik
170.9,1.25,26,88,Cukup Baik
183.0,1.26,26,87,Cukup Baik
207.4,1.24,26,87,Cukup Baik
171.9,1.21,26,87,Cukup Baik
175.5,1.25,26,87,Cukup Baik
118.0,1.57,26,83,Cukup Baik
116.6,1.54,26,83,Cukup Baik
130.6,1.58,26,84,Cukup Baik
148.4,1.42,26,81,Cukup Baik
208.1,1.20,26,85,Cukup Baik
198.0,1.24,26,84,Cukup Baik
174.3,1.18,26,85,Cukup Baik
316.0,1.61,25,86,Cukup Baik
290.8,1.60,25,87,Cukup Baik
234.8,1.42,26,83,Cukup Baik
163.6,1.45,26,85,Cukup Baik
149.6,1.40,26,85,Cukup Baik
162.1,1.42,26,85,Cukup Baik
202.4,1.33,26,86,Cukup Baik
204.3,1.16,26,87,Cukup Baik
198.8,1.22,26,86,Cukup Baik
181.7,1.12,26,87,Cukup Baik
202.2,1.15,26,87,Cukup Baik
250.3,1.43,26,84,Cukup Baik
191.1,1.22,26,86,Cukup Baik
188.7,1.26,26,86,Cukup Baik
172.1,1.23,26,86,Cukup Baik
181.7,1.24,26,86,Cukup Baik
259.3,1.39,26,84,Cukup Baik
314.4,1.52,25,89,Cukup Baik
323.7,1.63,25,89,Cukup Baik
273.0,1.45,25,89,Cukup Baik
291.0,1.45,25,89,Cukup Baik
323.7,1.52,25,88,Cukup Baik
337.9,1.65,25,87,Cukup Baik
308.3,1.49,25,88,Cukup Baik
323.2,1.56,25,88,Cukup Baik
213.3,1.41,25,87,Cukup Baik
205.1,1.34,25,88,Cukup Baik
184.7,1.18,26,88,Cukup Baik
203.6,1.18,26,87,Cukup Baik
219.2,1.43,26,86,Cukup Baik
225.3,1.51,26,85,Cukup Baik
205.5,1.35,26,85,Cukup Baik
188.3,1.35,26,86,Cukup Baik
238.3,1.45,26,84,Cukup Baik
215.3,1.38,26,85,Cukup Baik
280.8,1.50,25,87,Cukup Baik
266.5,1.42,25,87,Cukup Baik
231.9,1.39,26,86,Cukup Baik
190.7,1.31,26,87,Cukup Baik
175.6,1.34,26,86,Cukup Baik
179.0,1.18,27,86,Cukup Baik
205.8,1.30,27,85,Cukup Baik
116.2,1.45,27,81,Cukup Baik
197.2,1.21,26,83,Cukup Baik
205.7,1.23,26,84,Cukup Baik
408.4,1.47,25,90,Cukup Baik
403.1,1.61,25,89,Cukup Baik
320.3,1.48,25,90,Cukup Baik
331.2,1.54,25,89,Cukup Baik
276.5,1.41,25,86,Cukup Baik
174.8,1.26,27,84,Cukup Baik
169.0,1.25,26,85,Cukup Baik
175.8,1.29,26,83,Cukup Baik
198.0,1.28,26,86,Cukup Baik
196.0,1.09,27,88,Cukup Baik
196.1,1.13,27,87,Cukup Baik
181.6,1.06,27,88,Cukup Baik
198.2,1.05,27,87,Cukup Baik
187.5,1.10,27,87,Cukup Baik
202.8,1.12,27,87,Cukup Baik
199.9,1.36,26,86,Cukup Baik
198.1,1.34,26,86,Cukup Baik
177.1,1.35,26,85,Cukup Baik
111.0,1.61,27,81,Cukup Baik
322.7,1.44,25,87,Cukup Baik
311.1,1.56,25,89,Cukup Baik
245.1,1.61,25,88,Cukup Baik
237.2,1.65,25,88,Cukup Baik
300.1,1.45,26,86,Cukup Baik
286.4,1.54,26,86,Cukup Baik
233.0,1.47,26,86,Cukup Baik
241.8,1.47,26,86,Cukup Baik
171.4,1.37,26,84,Cukup Baik
173.7,1.28,26,85,Cukup Baik
85.4,1.60,27,81,Cukup Baik
84.3,1.61,27,81,Cukup Baik
94.4,1.65,26,82,Cukup Baik
190.6,1.34,26,85,Cukup Baik
177.6,1.34,26,85,Cukup Baik
172.1,1.35,26,85,Cukup Baik
421.7,1.42,25,88,Cukup Baik
137.0,1.61,26,84,Cukup Baik
156.6,1.47,26,85,Cukup Baik
138.4,1.54,26,84,Cukup Baik
147.4,1.45,26,85,Cukup Baik
192.1,1.28,26,86,Cukup Baik
191.1,1.36,26,85,Cukup Baik
173.7,1.30,26,85,Cukup Baik
86.0,1.55,27,81,Cukup Baik
150.5,1.44,26,83,Cukup Baik
133.8,1.55,26,83,Cukup Baik
121.0,1.41,26,83,Cukup Baik
149.6,1.46,26,83,Cukup Baik
142.4,1.45,26,84,Cukup Baik
207.7,1.26,26,84,Cukup Baik
231.6,1.40,26,84,Cukup Baik
228.4,1.42,26,85,Cukup Baik
208.7,1.52,26,84,Cukup Baik
344.6,1.48,25,87,Cukup Baik
325.8,1.55,25,87,Cukup Baik
279.9,1.47,25,87,Cukup Baik
275.7,1.47,25,87,Cukup Baik
168.7,1.18,26,84,Cukup Baik
174.6,1.20,26,85,Cukup Baik
183.8,1.22,27,85,Cukup Baik
183.2,1.28,27,85,Cukup Baik
181.8,1.18,27,86,Cukup Baik
186.9,1.17,27,86,Cukup Baik
109.4,1.80,27,76,Cukup Baik
83.0,1.83,27,76,Cukup Baik
108.9,1.71,27,76,Cukup Baik
124.2,1.40,26,82,Cukup Baik
120.3,1.51,26,82,Cukup Baik
112.3,1.39,26,81,Cukup Baik
125.8,1.42,26,82,Cukup Baik
191.8,1.33,26,83,Cukup Baik
443.6,1.38,25,88,Cukup Baik
140.3,1.80,25,80,Cukup Baik
156.5,1.58,25,82,Cukup Baik
147.5,1.72,25,81,Cukup Baik
143.4,1.76,27,75,Cukup Baik
154.7,1.60,27,75,Cukup Baik
100.1,1.69,27,78,Cukup Baik
111.6,1.38,27,78,Cukup Baik
252.7,1.42,26,86,Cukup Baik
242.6,1.47,26,85,Cukup Baik
245.5,1.40,26,87,Cukup Baik
234.8,1.40,26,86,Cukup Baik
254.1,1.57,25,82,Cukup Baik
224.5,1.39,25,84,Cukup Baik
34.7,1.64,26,74,Cukup Baik
192.8,1.31,26,82,Cukup Baik
208.2,1.25,26,87,Cukup Baik
204.2,1.24,26,87,Cukup Baik
203.1,1.26,26,86,Cukup Baik
133.7,1.56,27,82,Cukup Baik
147.9,1.65,27,82,Cukup Baik
112.5,1.56,27,82,Cukup Baik
151.0,1.59,27,82,Cukup Baik
160.3,1.42,26,83,Cukup Baik
216.6,1.46,27,83,Cukup Baik
245.6,1.42,26,86,Cukup Baik
176.3,1.33,26,84,Cukup Baik
154.5,1.44,26,84,Cukup Baik
174.6,1.28,26,85,Cukup Baik
222.7,1.65,26,81,Cukup Baik
267.2,1.64,26,82,Cukup Baik
171.7,1.24,27,83,Cukup Baik
114.9,1.31,27,81,Cukup Baik
120.3,1.35,27,81,Cukup Baik
117.0,1.25,27,81,Cukup Baik
195.0,1.34,27,81,Cukup Baik
94.0,1.51,28,74,Cukup Baik
105.5,1.50,28,73,Cukup Baik
221.2,1.47,27,82,Cukup Baik
227.1,1.66,27,82,Cukup Baik
205.2,1.81,26,84,Cukup Baik
337.9,1.40,26,86,Cukup Baik
318.5,1.43,26,85,Cukup Baik
297.6,1.41,26,85,Cukup Baik
296.1,1.40,25,85,Cukup Baik
209.0,1.52,26,83,Cukup Baik
174.0,1.73,26,83,Cukup Baik
292.3,1.42,26,86,Cukup Baik
295.5,1.40,26,87,Cukup Baik
220.3,1.38,27,86,Cukup Baik
208.2,1.37,27,86,Cukup Baik
130.6,1.27,27,81,Cukup Baik
103.9,1.32,27,81,Cukup Baik
200.2,1.30,26,85,Cukup Baik
217.4,1.41,27,82,Cukup Baik
210.3,1.49,27,83,Cukup Baik
199.2,1.38,27,81,Cukup Baik
182.9,1.37,27,82,Cukup Baik
408.1,1.40,26,89,Cukup Baik
405.7,1.52,26,89,Cukup Baik
370.6,1.42,26,89,Cukup Baik
399.5,1.44,26,89,Cukup Baik
291.8,1.39,26,87,Cukup Baik
254.1,1.44,26,86,Cukup Baik
297.2,1.41,25,87,Cukup Baik
282.6,1.56,25,86,Cukup Baik
226.2,1.44,25,87,Cukup Baik
252.9,1.49,25,87,Cukup Baik
59.7,1.75,26,77,Cukup Baik
208.3,1.37,26,85,Cukup Baik
199.3,1.35,26,86,Cukup Baik
109.3,1.47,27,81,Cukup Baik
97.6,1.46,27,82,Cukup Baik
99.3,1.46,27,81,Cukup Baik
114.3,1.44,27,81,Cukup Baik
102.0,1.41,27,82,Cukup Baik
298.7,1.43,26,87,Cukup Baik
288.7,1.57,26,86,Cukup Baik
242.7,1.41,26,86,Cukup Baik
236.0,1.45,26,87,Cukup Baik
133.2,1.65,26,81,Cukup Baik
153.5,1.29,26,81,Cukup Baik
166.2,1.37,27,79,Cukup Baik
197.5,1.18,27,85,Cukup Baik
203.4,1.23,27,85,Cukup Baik
182.0,1.20,27,85,Cukup Baik
189.6,1.18,27,85,Cukup Baik
200.0,1.25,27,84,Cukup Baik
182.0,1.37,27,83,Cukup Baik
171.9,1.27,27,84,Cukup Baik
179.7,1.30,27,84,Cukup Baik
141.0,1.49,27,84,Cukup Baik
143.1,1.57,27,84,Cukup Baik
127.5,1.49,27,85,Cukup Baik
165.5,1.52,27,85,Cukup Baik
158.5,1.38,27,80,Cukup Baik
165.9,1.48,27,81,Cukup Baik
138.8,1.35,27,79,Cukup Baik
242.3,1.44,26,82,Cukup Baik
255.1,1.39,26,84,Cukup Baik
123.5,1.93,27,77,Cukup Baik
129.3,1.80,26,78,Cukup Baik
203.1,1.37,27,82,Cukup Baik
139.0,1.53,26,84,Cukup Baik
155.4,1.60,26,83,Cukup Baik
131.0,1.50,26,84,Cukup Baik
160.9,1.50,26,84,Cukup Baik
162.2,1.49,26,83,Cukup Baik
165.8,1.43,26,83,Cukup Baik
129.0,1.41,27,81,Cukup Baik
246.8,1.47,26,83,Cukup Baik
257.7,1.38,26,84,Cukup Baik
128.6,1.37,27,80,Cukup Baik
268.8,1.49,26,86,Cukup Baik
280.3,1.60,26,86,Cukup Baik
216.8,1.49,26,86,Cukup Baik
237.4,1.51,26,86,Cukup Baik
225.6,1.22,25,86,Buruk
215.6,1.18,26,87,Buruk
221.4,1.15,26,86,Buruk
208.6,1.24,26,87,Buruk
260.4,1.26,26,90,Buruk
272.2,1.31,26,90,Buruk
229.3,1.26,26,91,Buruk
270.4,1.25,26,90,Buruk
153.7,1.35,27,83,Buruk
135.5,1.32,27,82,Buruk
128.2,1.35,27,82,Buruk
256.7,1.12,26,85,Buruk
213.5,1.16,26,85,Buruk
233.5,1.11,26,85,Buruk
210.6,1.14,26,85,Buruk
369.1,1.03,25,88,Buruk
380.0,1.06,25,88,Buruk
318.4,1.02,25,89,Buruk
321.8,1.05,25,88,Buruk
463.1,1.20,25,92,Buruk
456.7,1.26,25,90,Buruk
413.1,1.21,24,92,Buruk
432.8,1.21,24,91,Buruk
582.8,1.23,24,91,Buruk
539.9,1.35,24,90,Buruk
475.6,1.22,24,91,Buruk
478.0,1.28,25,91,Buruk
163.1,1.37,26,83,Buruk
149.2,1.37,26,84,Buruk
134.6,1.32,26,85,Buruk
145.1,1.33,26,84,Buruk
243.4,1.10,26,89,Buruk
256.0,1.16,26,88,Buruk
247.5,1.10,26,89,Buruk
101.3,1.36,27,86,Buruk
113.2,1.36,27,86,Buruk
222.1,1.24,26,85,Buruk
226.0,1.29,26,85,Buruk
232.0,1.21,26,84,Buruk
220.6,1.22,26,85,Buruk
361.2,1.29,25,88,Buruk
318.9,1.28,25,89,Buruk
368.9,1.34,25,88,Buruk
230.3,1.38,25,84,Buruk
280.8,1.36,25,86,Buruk
265.2,1.31,25,86,Buruk
252.6,1.33,25,86,Buruk
257.1,1.23,26,87,Buruk
237.2,1.29,26,87,Buruk
252.8,1.20,26,87,Buruk
220.1,1.22,26,87,Buruk
259.4,1.25,26,88,Buruk
253.1,1.30,26,88,Buruk
253.5,1.24,26,89,Buruk
273.6,1.25,26,88,Buruk
135.3,1.35,27,84,Buruk
131.6,1.36,26,84,Buruk
218.9,1.34,26,87,Buruk
223.1,1.35,26,87,Buruk
279.2,1.26,26,85,Buruk
270.5,1.25,26,85,Buruk
265.1,1.25,26,85,Buruk
241.0,1.26,25,85,Buruk
336.6,1.12,25,87,Buruk
326.4,1.20,25,87,Buruk
297.7,1.09,25,88,Buruk
310.3,1.13,25,87,Buruk
492.6,1.15,25,90,Buruk
525.5,1.21,25,90,Buruk
423.2,1.09,25,91,Buruk
458.1,1.08,25,90,Buruk
334.2,1.28,25,89,Buruk
347.4,1.36,25,89,Buruk
264.0,1.27,25,89,Buruk
315.9,1.27,25,89,Buruk
153.4,1.27,25,84,Buruk
162.7,1.23,25,85,Buruk
154.7,1.34,26,84,Buruk
375.2,1.23,25,89,Buruk
384.4,1.28,25,88,Buruk
359.0,1.17,25,90,Buruk
389.0,1.17,25,89,Buruk
325.5,1.28,26,88,Buruk
303.5,1.24,26,89,Buruk
280.1,1.23,26,88,Buruk
248.1,1.21,26,89,Buruk
220.6,1.27,26,88,Buruk
254.7,1.20,26,89,Buruk
228.2,1.24,26,89,Buruk
237.6,1.14,26,86,Buruk
238.7,1.17,26,86,Buruk
233.6,1.12,26,87,Buruk
256.5,1.17,26,86,Buruk
275.4,1.08,25,86,Buruk
273.1,1.12,25,86,Buruk
265.4,1.07,25,86,Buruk
287.0,1.09,25,86,Buruk
436.7,1.16,25,90,Buruk
424.2,1.25,25,89,Buruk
411.9,1.09,25,91,Buruk
458.8,1.12,25,90,Buruk
151.2,1.75,26,83,Buruk
244.1,1.29,25,86,Buruk
253.9,1.29,25,87,Buruk
238.7,1.32,25,85,Buruk
246.1,1.31,25,86,Buruk
212.6,1.34,26,84,Buruk
227.0,1.31,26,85,Buruk
281.6,1.05,26,89,Buruk
258.8,1.11,26,89,Buruk
265.3,1.05,26,90,Buruk
253.1,1.07,26,89,Buruk
229.1,1.21,26,86,Buruk
262.9,1.27,26,86,Buruk
217.8,1.18,26,87,Buruk
266.5,1.19,26,86,Buruk
220.0,1.17,27,88,Buruk
217.0,1.23,26,86,Buruk
119.1,1.76,26,81,Buruk
134.7,1.67,26,82,Buruk
270.8,1.37,26,88,Buruk
268.8,1.36,26,88,Buruk
236.7,1.22,26,85,Buruk
228.5,1.16,26,86,Buruk
213.9,1.19,26,85,Buruk
269.6,1.71,26,86,Buruk
291.5,1.27,25,85,Buruk
270.3,1.29,25,85,Buruk
151.9,1.74,25,82,Buruk
164.6,1.36,26,82,Buruk
293.3,1.13,26,88,Buruk
277.4,1.16,26,88,Buruk
280.1,1.13,26,89,Buruk
314.2,1.10,26,88,Buruk
160.8,1.34,26,86,Buruk
146.5,1.25,26,87,Buruk
159.4,1.28,26,86,Buruk
159.8,1.32,26,86,Buruk
140.1,1.34,26,87,Buruk
144.8,1.37,26,86,Buruk
120.9,1.36,26,82,Buruk
263.7,1.34,26,86,Buruk
278.4,1.30,26,86,Buruk
266.5,1.33,26,87,Buruk
267.1,1.37,26,85,Buruk
310.1,1.77,25,88,Buruk
271.3,1.93,25,88,Buruk
285.0,1.75,25,88,Buruk
228.4,1.77,25,88,Buruk
223.7,1.27,26,86,Buruk
250.2,1.18,26,88,Buruk
243.8,1.21,26,88,Buruk
218.0,1.14,26,88,Buruk
134.2,1.27,27,84,Buruk
149.3,1.32,27,83,Buruk
133.4,1.23,26,84,Buruk
150.1,1.22,26,84,Buruk
117.5,1.37,26,84,Buruk
137.2,1.27,26,84,Buruk
160.5,1.31,26,84,Buruk
283.5,1.20,26,87,Buruk
315.7,1.26,26,86,Buruk
223.3,1.20,26,87,Buruk
276.4,1.19,25,86,Buruk
295.8,1.15,25,89,Buruk
290.6,1.20,25,88,Buruk
245.8,1.09,25,89,Buruk
279.1,1.07,25,88,Buruk
324.9,1.30,25,89,Buruk
286.3,1.24,25,90,Buruk
326.2,1.30,25,89,Buruk
115.6,1.36,27,83,Buruk
157.1,1.33,27,83,Buruk
148.5,1.22,27,85,Buruk
148.9,1.27,27,85,Buruk
141.7,1.19,27,86,Buruk
251.1,1.30,27,87,Buruk
229.9,1.37,27,87,Buruk
209.3,1.27,27,87,Buruk
236.7,1.27,27,87,Buruk
133.8,1.23,27,85,Buruk
145.6,1.22,27,85,Buruk
229.6,1.31,26,86,Buruk
225.8,1.36,26,85,Buruk
210.5,1.28,26,86,Buruk
234.0,1.27,26,86,Buruk
267.0,1.33,26,87,Buruk
291.3,1.28,26,88,Buruk
304.3,1.31,26,87,Buruk
248.8,1.28,26,86,Buruk
296.1,1.30,26,85,Buruk
254.9,1.21,26,86,Buruk
296.7,1.20,26,86,Buruk
135.6,1.85,26,83,Buruk
130.0,1.88,26,84,Buruk
283.8,1.16,25,90,Buruk
313.5,1.21,25,90,Buruk
245.0,1.20,25,90,Buruk
258.6,1.21,25,90,Buruk
230.6,1.26,25,85,Buruk
218.5,1.27,25,86,Buruk
296.1,1.32,26,89,Buruk
243.3,1.35,26,88,Buruk
260.0,1.36,26,88,Buruk
122.2,1.68,27,83,Buruk
210.2,1.20,26,86,Buruk
152.4,1.30,26,84,Buruk
245.2,1.21,25,86,Buruk
220.7,1.27,25,86,Buruk
231.1,1.17,25,87,Buruk
278.4,1.10,26,86,Buruk
277.3,1.15,26,85,Buruk
249.9,1.09,25,87,Buruk
269.2,1.13,25,86,Buruk
313.9,1.26,25,88,Buruk
288.4,1.37,25,88,Buruk
284.2,1.26,25,88,Buruk
280.3,1.28,25,88,Buruk
278.0,1.67,25,86,Buruk
273.4,1.72,25,88,Buruk
215.3,1.93,25,86,Buruk
237.7,1.72,25,88,Buruk
257.9,1.29,25,85,Buruk
228.0,1.29,25,86,Buruk
255.9,1.37,25,85,Buruk
154.3,1.36,26,84,Buruk
161.8,1.35,26,85,Buruk
220.8,1.30,26,86,Buruk
214.3,1.32,26,86,Buruk
132.9,1.32,27,83,Buruk
122.3,1.28,27,83,Buruk
117.4,1.31,27,83,Buruk
162.2,1.35,26,85,Buruk
142.5,1.35,26,85,Buruk
144.2,1.36,26,85,Buruk
164.0,1.33,26,83,Buruk
310.3,1.31,26,84,Buruk
312.1,1.36,26,84,Buruk
271.1,1.34,26,84,Buruk
263.2,1.37,26,84,Buruk
313.9,1.32,26,89,Buruk
280.8,1.28,26,89,Buruk
293.6,1.29,25,89,Buruk
262.0,1.69,26,88,Buruk
297.8,1.33,25,89,Buruk
283.2,1.28,25,89,Buruk
272.9,1.28,25,89,Buruk
278.5,1.26,25,88,Buruk
221.8,1.35,25,87,Buruk
235.6,1.28,25,89,Buruk
303.3,1.17,26,89,Buruk
300.3,1.27,26,88,Buruk
290.2,1.16,26,89,Buruk
320.9,1.14,26,88,Buruk
148.5,1.34,26,84,Buruk
151.3,1.28,26,84,Buruk
155.5,1.26,26,84,Buruk
166.6,1.35,26,84,Buruk
158.7,1.34,26,85,Buruk
158.6,1.34,26,85,Buruk
320.2,1.24,26,87,Buruk
264.1,1.33,26,86,Buruk
295.4,1.24,26,87,Buruk
263.9,1.30,26,86,Buruk
234.9,1.35,26,85,Buruk
237.1,1.27,26,85,Buruk
237.2,1.29,26,86,Buruk
357.7,1.25,25,88,Buruk
309.5,1.23,25,88,Buruk
313.1,1.26,25,88,Buruk
336.3,1.71,25,87,Buruk
215.6,1.33,26,81,Buruk
210.2,1.30,26,83,Buruk
213.9,1.14,26,87,Buruk
209.3,1.18,26,86,Buruk
211.5,1.12,26,88,Buruk
237.1,1.11,26,86,Buruk
208.7,1.28,27,86,Buruk
163.9,1.35,27,85,Buruk
151.0,1.24,27,86,Buruk
112.7,1.34,27,84,Buruk
119.6,1.38,27,83,Buruk
102.2,1.28,27,85,Buruk
144.3,1.31,26,84,Buruk
132.9,1.28,26,81,Buruk
238.0,1.14,26,85,Buruk
227.4,1.18,26,84,Buruk
233.7,1.10,26,85,Buruk
281.9,1.14,26,85,Buruk
210.3,1.21,26,84,Buruk
228.0,1.26,26,84,Buruk
228.6,1.19,26,84,Buruk
354.9,1.21,26,87,Buruk
303.5,1.27,26,86,Buruk
307.2,1.19,26,87,Buruk
287.1,1.19,26,87,Buruk
233.6,1.15,26,87,Buruk
238.2,1.24,26,87,Buruk
217.7,1.10,26,88,Buruk
237.9,1.12,26,88,Buruk
291.0,1.16,25,87,Buruk
255.0,1.26,25,85,Buruk
259.9,1.15,25,87,Buruk
249.5,1.21,25,86,Buruk
149.1,1.33,26,84,Buruk
157.0,1.30,26,85,Buruk
141.5,1.37,26,84,Buruk
163.7,1.37,26,83,Buruk
227.0,1.10,26,87,Buruk
212.2,1.16,26,87,Buruk
227.3,1.07,26,87,Buruk
132.3,1.30,27,81,Buruk
139.8,1.35,27,82,Buruk
111.5,1.26,27,81,Buruk
125.1,1.30,27,82,Buruk
268.9,1.28,26,85,Buruk
240.2,1.37,26,85,Buruk
270.9,1.25,26,86,Buruk
241.9,1.27,26,86,Buruk
257.6,1.34,26,86,Buruk
239.0,1.38,26,85,Buruk
366.6,1.29,25,88,Buruk
333.2,1.26,25,88,Buruk
320.2,1.26,25,88,Buruk
286.4,1.28,25,85,Buruk
249.0,1.27,25,86,Buruk
233.7,1.37,25,84,Buruk
156.6,1.32,26,83,Buruk
140.2,1.33,26,84,Buruk
222.6,1.30,26,85,Buruk
217.2,1.17,26,86,Buruk
382.4,1.25,26,87,Buruk
322.2,1.34,25,87,Buruk
375.9,1.18,25,87,Buruk
358.0,1.21,25,87,Buruk
336.3,1.18,25,87,Buruk
294.4,1.26,26,86,Buruk
292.2,1.14,25,88,Buruk
274.1,1.17,25,87,Buruk
239.6,1.23,25,88,Buruk
242.8,1.21,25,88,Buruk
213.7,1.26,25,86,Buruk
118.1,1.76,27,74,Buruk
221.2,1.24,26,85,Buruk
131.1,1.33,27,84,Buruk
157.0,1.23,27,85,Buruk
119.8,1.24,27,85,Buruk
112.5,1.34,27,81,Buruk
298.4,1.36,26,88,Buruk
267.7,1.75,25,87,Buruk
218.6,1.31,26,85,Buruk
251.6,1.23,26,87,Buruk
234.3,1.32,26,87,Buruk
217.5,1.23,26,87,Buruk
215.1,1.26,26,87,Buruk
219.0,1.36,26,87,Buruk
209.3,1.33,26,86,Buruk
117.1,1.68,26,83,Buruk
160.8,1.18,26,85,Buruk
279.9,1.10,26,86,Buruk
248.7,1.12,26,85,Buruk
267.7,1.07,26,86,Buruk
251.0,1.09,26,85,Buruk
339.0,1.07,25,90,Buruk
331.5,1.13,25,89,Buruk
285.8,1.05,25,90,Buruk
332.3,1.05,25,89,Buruk
320.8,1.14,25,90,Buruk
323.5,1.26,25,89,Buruk
306.4,1.12,25,91,Buruk
345.8,1.18,25,90,Buruk
273.3,1.85,25,86,Buruk
270.0,1.73,25,86,Buruk
285.5,1.14,26,88,Buruk
250.9,1.20,26,88,Buruk
272.5,1.11,26,89,Buruk
269.6,1.12,26,88,Buruk
231.4,1.26,26,87,Buruk
212.5,1.26,26,87,Buruk
213.8,1.26,26,87,Buruk
236.4,1.36,26,84,Buruk
240.6,1.32,26,84,Buruk
285.2,1.36,26,85,Buruk
259.1,1.31,26,85,Buruk
244.8,1.25,26,85,Buruk
258.3,1.29,26,85,Buruk
329.9,1.14,26,88,Buruk
325.1,1.24,25,87,Buruk
275.2,1.13,25,88,Buruk
304.0,1.18,25,87,Buruk
252.6,1.26,25,88,Buruk
235.6,1.25,25,88,Buruk
401.2,1.20,25,90,Buruk
378.2,1.28,25,89,Buruk
354.6,1.14,25,90,Buruk
333.7,1.14,25,89,Buruk
262.1,1.11,26,89,Buruk
261.8,1.18,26,88,Buruk
249.9,1.10,26,89,Buruk
251.5,1.11,26,89,Buruk
153.1,1.26,26,84,Buruk
145.7,1.29,26,84,Buruk
136.7,1.23,26,84,Buruk
142.5,1.25,26,84,Buruk
209.3,1.20,26,87,Buruk
217.4,1.24,26,86,Buruk
257.7,1.33,26,85,Buruk
228.3,1.31,26,85,Buruk
335.3,1.14,26,88,Buruk
313.1,1.22,26,87,Buruk
302.1,1.12,26,88,Buruk
321.8,1.14,25,87,Buruk
383.7,1.24,26,89,Buruk
353.7,1.34,26,89,Buruk
301.7,1.24,26,89,Buruk
318.4,1.27,26,89,Buruk
310.1,1.37,25,88,Buruk
294.4,1.36,25,88,Buruk
257.8,1.33,25,84,Buruk
218.2,1.37,25,84,Buruk
248.9,1.30,26,87,Buruk
314.8,1.22,26,88,Buruk
307.0,1.29,26,88,Buruk
270.4,1.21,26,88,Buruk
248.1,1.21,26,88,Buruk
233.3,1.21,27,86,Buruk
224.9,1.31,27,86,Buruk
215.0,1.20,26,86,Buruk
158.0,1.27,27,85,Buruk
148.8,1.29,27,85,Buruk
159.8,1.34,27,85,Buruk
164.2,1.38,27,85,Buruk
161.2,1.32,27,85,Buruk
166.1,1.31,26,85,Buruk
255.0,1.24,26,84,Buruk
221.4,1.30,26,84,Buruk
272.9,1.18,26,86,Buruk
270.4,1.21,26,86,Buruk
284.3,1.12,26,86,Buruk
270.0,1.13,26,86,Buruk
263.2,1.12,26,84,Buruk
248.2,1.17,26,84,Buruk
218.6,1.11,26,84,Buruk
227.1,1.12,26,84,Buruk
276.3,1.26,25,87,Buruk
270.1,1.24,25,88,Buruk
258.2,1.32,25,87,Buruk
262.5,1.17,26,86,Buruk
213.5,1.29,26,85,Buruk
259.6,1.13,26,87,Buruk
234.3,1.17,26,86,Buruk
145.5,1.37,27,82,Buruk
224.8,1.27,26,85,Buruk
250.4,1.31,26,85,Buruk
266.0,1.26,26,86,Buruk
238.7,1.20,27,88,Buruk
215.9,1.30,27,88,Buruk
230.7,1.18,27,89,Buruk
236.0,1.17,27,88,Buruk
211.1,1.11,27,86,Buruk
220.1,1.17,27,86,Buruk
252.3,1.24,26,87,Buruk
293.3,1.32,26,85,Buruk
210.2,1.19,26,87,Buruk
255.5,1.22,26,86,Buruk
291.6,1.21,26,87,Buruk
281.8,1.24,26,86,Buruk
254.8,1.19,26,87,Buruk
245.2,1.19,26,86,Buruk
317.9,1.38,25,87,Buruk
310.5,1.35,25,87,Buruk
331.9,1.35,25,87,Buruk
303.7,1.70,25,88,Buruk
432.7,1.22,25,90,Buruk
370.2,1.37,25,88,Buruk
372.5,1.22,25,90,Buruk
359.3,1.29,25,89,Buruk
143.5,1.23,26,84,Buruk
97.4,1.37,26,82,Buruk
130.8,1.26,26,84,Buruk
95.8,1.33,26,83,Buruk
253.7,1.12,26,88,Buruk
254.0,1.17,26,87,Buruk
216.1,1.14,26,88,Buruk
256.1,1.14,26,88,Buruk
260.8,1.27,27,85,Buruk
223.7,1.33,27,85,Buruk
236.9,1.26,27,85,Buruk
221.3,1.27,26,85,Buruk
143.0,1.36,26,84,Buruk
135.6,1.30,26,85,Buruk
85.9,1.69,27,81,Buruk
283.0,1.28,26,85,Buruk
278.1,1.35,26,84,Buruk
235.6,1.23,26,85,Buruk
270.1,1.28,26,85,Buruk
349.2,1.23,26,87,Buruk
297.0,1.30,26,87,Buruk
302.2,1.18,26,88,Buruk
281.1,1.19,25,87,Buruk
407.5,1.26,25,90,Buruk
383.2,1.38,25,89,Buruk
351.1,1.28,25,90,Buruk
360.9,1.30,25,90,Buruk
408.8,1.27,25,90,Buruk
348.9,1.26,25,90,Buruk
382.6,1.33,25,89,Buruk
274.3,1.25,26,87,Buruk
251.9,1.37,26,86,Buruk
260.5,1.25,26,87,Buruk
237.8,1.27,26,86,Buruk
289.6,1.14,26,87,Buruk
293.7,1.21,26,87,Buruk
253.8,1.13,26,88,Buruk
272.7,1.13,26,87,Buruk
151.5,1.29,26,86,Buruk
135.2,1.37,26,84,Buruk
130.6,1.37,26,84,Buruk
151.7,1.37,26,84,Buruk
232.3,1.21,26,84,Buruk
213.8,1.19,26,84,Buruk
233.9,1.21,26,84,Buruk
351.7,1.07,25,88,Buruk
349.8,1.15,26,87,Buruk
307.0,1.06,25,89,Buruk
316.1,1.07,25,88,Buruk
405.5,1.23,26,89,Buruk
366.8,1.32,26,88,Buruk
340.3,1.20,26,89,Buruk
321.4,1.23,25,88,Buruk
377.9,1.02,25,90,Buruk
413.4,1.08,25,89,Buruk
353.6,1.00,25,90,Buruk
403.1,1.01,25,90,Buruk
146.4,1.26,26,83,Buruk
163.1,1.23,26,84,Buruk
289.1,1.27,27,87,Buruk
279.7,1.30,27,87,Buruk
259.7,1.28,27,86,Buruk
277.8,1.26,26,87,Buruk
155.8,1.29,26,83,Buruk
164.1,1.33,26,83,Buruk
403.9,1.24,25,87,Buruk
375.6,1.32,25,86,Buruk
367.5,1.21,25,87,Buruk
342.0,1.23,25,86,Buruk
333.8,1.21,25,89,Buruk
335.3,1.26,25,88,Buruk
280.6,1.19,25,89,Buruk
341.3,1.18,25,89,Buruk
442.1,1.27,25,89,Buruk
357.1,1.25,25,89,Buruk
335.0,1.30,25,88,Buruk
31.5,1.94,27,73,Buruk
24.3,2.19,27,72,Buruk
37.4,1.88,27,72,Buruk
19.2,2.00,27,NaN,Buruk
364.3,1.24,26,89,Buruk
308.0,1.35,26,88,Buruk
297.0,1.21,26,89,Buruk
281.3,1.25,26,88,Buruk
250.4,1.16,26,88,Buruk
251.3,1.21,26,87,Buruk
235.0,1.14,26,88,Buruk
246.5,1.16,26,87,Buruk
261.0,1.20,26,85,Buruk
267.3,1.23,26,84,Buruk
265.6,1.18,26,85,Buruk
288.2,1.19,26,84,Buruk
335.9,1.13,26,86,Buruk
344.0,1.17,26,85,Buruk
257.8,1.13,26,86,Buruk
293.9,1.14,26,86,Buruk
419.0,1.17,25,89,Buruk
432.5,1.24,25,88,Buruk
344.2,1.15,25,89,Buruk
384.4,1.17,25,88,Buruk
453.4,1.18,25,90,Buruk
484.5,1.27,25,89,Buruk
401.7,1.20,25,90,Buruk
386.8,1.22,25,89,Buruk
303.2,1.37,25,84,Buruk
28.5,1.80,26,74,Buruk
162.1,1.28,26,83,Buruk
237.7,1.28,26,86,Buruk
246.3,1.36,26,85,Buruk
235.1,1.27,26,86,Buruk
221.3,1.24,26,87,Buruk
225.2,1.30,26,85,Buruk
152.2,1.36,26,84,Buruk
248.6,1.36,26,83,Buruk
211.7,1.35,27,82,Buruk
281.0,1.15,26,84,Buruk
252.4,1.21,26,84,Buruk
233.2,1.16,26,85,Buruk
252.1,1.21,26,84,Buruk
382.3,1.12,26,89,Buruk
405.1,1.17,26,89,Buruk
295.0,1.08,26,90,Buruk
339.8,1.09,26,89,Buruk
263.3,1.31,26,86,Buruk
265.4,1.30,26,87,Buruk
245.6,1.34,26,86,Buruk
156.7,1.30,26,85,Buruk
249.7,1.73,26,81,Buruk
211.1,1.25,27,83,Buruk
160.4,1.33,27,82,Buruk
213.3,1.23,27,85,Buruk
253.9,1.21,27,86,Buruk
235.9,1.27,27,85,Buruk
251.8,1.18,27,86,Buruk
277.9,1.18,27,86,Buruk
105.5,1.25,27,81,Buruk
165.0,1.34,27,81,Buruk
242.4,1.68,27,84,Buruk
232.4,1.85,27,84,Buruk
209.7,1.68,27,84,Buruk
452.6,1.19,26,89,Buruk
406.3,1.31,26,89,Buruk
397.9,1.17,26,90,Buruk
363.6,1.22,25,89,Buruk
238.5,1.78,26,85,Buruk
230.8,1.91,26,85,Buruk
220.2,1.85,26,85,Buruk
301.1,1.32,26,87,Buruk
264.7,1.28,26,88,Buruk
256.4,1.30,26,87,Buruk
275.2,1.30,26,88,Buruk
233.0,1.28,26,88,Buruk
233.8,1.29,26,87,Buruk
229.2,1.37,27,86,Buruk
126.7,1.24,27,81,Buruk
115.6,1.26,27,81,Buruk
223.6,1.35,26,84,Buruk
164.7,1.28,26,85,Buruk
209.9,1.29,26,84,Buruk
264.1,1.36,26,87,Buruk
244.2,1.35,26,87,Buruk
266.4,1.24,26,83,Buruk
228.0,1.30,26,82,Buruk
240.2,1.23,26,84,Buruk
269.2,1.22,26,83,Buruk
210.9,1.33,26,85,Buruk
266.2,1.09,26,87,Buruk
274.0,1.16,26,87,Buruk
210.1,1.10,26,88,Buruk
259.6,1.11,26,87,Buruk
62.9,1.70,27,75,Buruk
77.2,1.74,27,75,Buruk
334.6,1.14,26,83,Buruk
292.9,1.18,26,83,Buruk
346.2,1.12,26,83,Buruk
316.6,1.13,26,83,Buruk
368.6,1.20,26,87,Buruk
381.7,1.28,26,86,Buruk
320.5,1.19,26,87,Buruk
363.3,1.18,26,86,Buruk
335.5,1.28,26,86,Buruk
325.8,1.34,26,85,Buruk
306.7,1.24,26,86,Buruk
311.3,1.25,26,86,Buruk
150.4,1.29,26,82,Buruk
326.2,1.22,26,85,Buruk
334.1,1.26,26,85,Buruk
271.3,1.20,26,86,Buruk
287.7,1.20,26,86,Buruk
301.7,1.15,26,87,Buruk
288.8,1.24,26,86,Buruk
286.3,1.14,26,87,Buruk
280.3,1.16,26,87,Buruk
295.4,1.25,26,85,Buruk
274.3,1.27,26,85,Buruk
150.1,1.26,27,81,Buruk
159.2,1.27,26,82,Buruk
295.3,1.17,27,85,Buruk
271.2,1.23,27,83,Buruk
247.1,1.17,27,85,Buruk
244.4,1.17,27,84,Buruk
274.7,1.29,27,85,Buruk
253.9,1.31,27,85,Buruk
237.7,1.28,27,85,Buruk
227.2,1.25,27,85,Buruk
263.4,1.38,26,84,Buruk
243.5,1.35,26,84,Buruk
504.9,1.22,25,89,Buruk
479.2,1.29,25,88,Buruk
445.3,1.19,25,89,Buruk
429.1,1.22,25,89,Buruk
